Id,PositionX,PositionY,IsWorkStation,CanLeftLoad,CanLeftUnload,CanRightLoad,CanRightUnload,IsCharger,CouplerId,ChargeDirection,IsSegmentPoint,CanSpin,PioDirection,IsTR50,InsideSectionId,OffsetX,OffsetY,OffsetTheta,VehicleHeadAngle
10001,54400,24511,FALSE,FALSE,FALSE,FALSE,FALSE,FALSE,None,None,TRUE,FALSE,None,FALSE,0,0,0,0,0
10002,54400,25490,FALSE,FALSE,FALSE,FALSE,FALSE,FALSE,None,None,TRUE,FALSE,None,FALSE,0,0,0,0,0
10003,54400,26985,FALSE,FALSE,FALSE,FALSE,FALSE,FALSE,None,None,TRUE,FALSE,None,FALSE,0,0,0,0,0
10004,54400,27490,FALSE,FALSE,FALSE,FALSE,FALSE,FALSE,None,None,TRUE,FALSE,None,FALSE,0,0,0,0,0
10005,54400,29467,FALSE,FALSE,FALSE,FALSE,FALSE,FALSE,None,None,TRUE,FALSE,None,FALSE,0,0,0,0,0
10006,54400,29800,FALSE,FALSE,FALSE,FALSE,FALSE,FALSE,None,None,TRUE,FALSE,None,FALSE,0,0,0,0,0
10007,54400,31077,FALSE,FALSE,FALSE,FALSE,FALSE,FALSE,None,None,TRUE,FALSE,None,FALSE,0,0,0,0,0
10008,54400,32378,FALSE,FALSE,FALSE,FALSE,FALSE,FALSE,None,None,TRUE,FALSE,None,FALSE,0,0,0,0,0
10009,54400,32909,FALSE,FALSE,FALSE,FALSE,FALSE,FALSE,None,None,TRUE,FALSE,None,FALSE,0,0,0,0,0
10010,54400,35980,FALSE,FALSE,FALSE,FALSE,FALSE,FALSE,None,None,TRUE,FALSE,None,FALSE,0,0,0,0,0
10011,54400,38484,FALSE,FALSE,FALSE,FALSE,FALSE,FALSE,None,None,TRUE,FALSE,None,FALSE,0,0,0,0,0
10012,54400,38907,FALSE,FALSE,FALSE,FALSE,FALSE,FALSE,None,None,TRUE,FALSE,None,FALSE,0,0,0,0,0
10014,54400,40750,FALSE,FALSE,FALSE,FALSE,FALSE,FALSE,None,None,TRUE,FALSE,None,FALSE,0,0,0,0,0
10015,54400,41437,FALSE,FALSE,FALSE,FALSE,FALSE,FALSE,None,None,TRUE,FALSE,None,FALSE,0,0,0,0,0
10016,54400,43327,FALSE,FALSE,FALSE,FALSE,FALSE,FALSE,None,None,TRUE,FALSE,None,FALSE,0,0,0,0,0
10017,54400,43384,FALSE,FALSE,FALSE,FALSE,FALSE,FALSE,None,None,TRUE,FALSE,None,FALSE,0,0,0,0,0
10018,54400,45013,FALSE,FALSE,FALSE,FALSE,FALSE,FALSE,None,None,TRUE,FALSE,None,FALSE,0,0,0,0,0
10019,54400,45669,FALSE,FALSE,FALSE,FALSE,FALSE,FALSE,None,None,TRUE,FALSE,None,FALSE,0,0,0,0,0
10021,54300,50495,FALSE,FALSE,FALSE,FALSE,FALSE,FALSE,None,None,TRUE,FALSE,None,FALSE,0,0,0,0,0
10022,54300,51000,FALSE,FALSE,FALSE,FALSE,FALSE,FALSE,None,None,TRUE,FALSE,None,FALSE,0,0,0,0,0
10250,54400,52176,FALSE,FALSE,FALSE,FALSE,FALSE,FALSE,None,None,TRUE,FALSE,None,FALSE,0,0,0,0,0
10023,54400,52276,FALSE,FALSE,FALSE,FALSE,FALSE,FALSE,None,None,TRUE,FALSE,None,FALSE,0,0,0,0,0
10024,53634,52298,FALSE,FALSE,FALSE,FALSE,FALSE,FALSE,None,None,TRUE,FALSE,None,FALSE,0,0,0,0,0
10251,53634,52176,FALSE,FALSE,FALSE,FALSE,FALSE,FALSE,None,None,TRUE,FALSE,None,FALSE,0,0,0,0,0
10272,53634,50495,FALSE,FALSE,FALSE,FALSE,FALSE,FALSE,None,None,TRUE,FALSE,None,FALSE,0,0,0,0,0
10026,53634,49456,FALSE,FALSE,FALSE,FALSE,FALSE,FALSE,None,None,TRUE,FALSE,None,FALSE,0,0,0,0,0
10032,53634,43847,FALSE,FALSE,FALSE,FALSE,FALSE,FALSE,None,None,TRUE,FALSE,None,FALSE,0,0,0,0,0
10035,53634,41437,FALSE,FALSE,FALSE,FALSE,FALSE,FALSE,None,None,TRUE,FALSE,None,FALSE,0,0,0,0,0
10038,53634,38907,FALSE,FALSE,FALSE,FALSE,FALSE,FALSE,None,None,TRUE,FALSE,None,FALSE,0,0,0,0,0
10041,53634,35977,FALSE,FALSE,FALSE,FALSE,FALSE,FALSE,None,None,TRUE,FALSE,None,FALSE,0,0,0,0,0
10044,53634,32909,FALSE,FALSE,FALSE,FALSE,FALSE,FALSE,None,None,TRUE,FALSE,None,FALSE,0,0,0,0,0
10047,53634,30024,FALSE,FALSE,FALSE,FALSE,FALSE,FALSE,None,None,TRUE,FALSE,None,FALSE,0,0,0,0,0
10052,53634,26985,FALSE,FALSE,FALSE,FALSE,FALSE,FALSE,None,None,TRUE,FALSE,None,FALSE,0,0,0,0,0
10056,53634,28456,FALSE,FALSE,FALSE,FALSE,FALSE,FALSE,None,None,TRUE,FALSE,None,FALSE,0,0,0,0,0
10025,53634,49963,FALSE,FALSE,FALSE,FALSE,FALSE,FALSE,None,None,TRUE,FALSE,None,FALSE,0,0,0,0,0
10028,53634,47414,FALSE,FALSE,FALSE,FALSE,FALSE,FALSE,None,None,TRUE,FALSE,None,FALSE,0,0,0,0,0
10027,53634,47892,FALSE,FALSE,FALSE,FALSE,FALSE,FALSE,None,None,TRUE,FALSE,None,FALSE,0,0,0,0,0
10030,53634,45752,FALSE,FALSE,FALSE,FALSE,FALSE,FALSE,None,None,TRUE,FALSE,None,FALSE,0,0,0,0,0
10031,53634,45147,FALSE,FALSE,FALSE,FALSE,FALSE,FALSE,None,None,TRUE,FALSE,None,FALSE,0,0,0,0,0
10033,53634,43377,FALSE,FALSE,FALSE,FALSE,FALSE,FALSE,None,None,TRUE,FALSE,None,FALSE,0,0,0,0,0
10034,53634,42877,FALSE,FALSE,FALSE,FALSE,FALSE,FALSE,None,None,TRUE,FALSE,None,FALSE,0,0,0,0,0
10036,53634,40750,FALSE,FALSE,FALSE,FALSE,FALSE,FALSE,None,None,TRUE,FALSE,None,FALSE,0,0,0,0,0
10037,53634,40321,FALSE,FALSE,FALSE,FALSE,FALSE,FALSE,None,None,TRUE,FALSE,None,FALSE,0,0,0,0,0
10039,53634,38451,FALSE,FALSE,FALSE,FALSE,FALSE,FALSE,None,None,TRUE,FALSE,None,FALSE,0,0,0,0,0
10040,53634,37948,FALSE,FALSE,FALSE,FALSE,FALSE,FALSE,None,None,TRUE,FALSE,None,FALSE,0,0,0,0,0
10042,53634,35561,FALSE,FALSE,FALSE,FALSE,FALSE,FALSE,None,None,TRUE,FALSE,None,FALSE,0,0,0,0,0
10043,53634,35056,FALSE,FALSE,FALSE,FALSE,FALSE,FALSE,None,None,TRUE,FALSE,None,FALSE,0,0,0,0,0
10045,53634,32491,FALSE,FALSE,FALSE,FALSE,FALSE,FALSE,None,None,TRUE,FALSE,None,FALSE,0,0,0,0,0
10048,53634,29475,FALSE,FALSE,FALSE,FALSE,FALSE,FALSE,None,None,TRUE,FALSE,None,FALSE,0,0,0,0,0
10049,53634,28957,FALSE,FALSE,FALSE,FALSE,FALSE,FALSE,None,None,TRUE,FALSE,None,FALSE,0,0,0,0,0
10050,53634,27912,FALSE,FALSE,FALSE,FALSE,FALSE,FALSE,None,None,TRUE,FALSE,None,FALSE,0,0,0,0,0
10051,53634,27462,FALSE,FALSE,FALSE,FALSE,FALSE,FALSE,None,None,TRUE,FALSE,None,FALSE,0,0,0,0,0
10053,53634,26500,FALSE,FALSE,FALSE,FALSE,FALSE,FALSE,None,None,TRUE,FALSE,None,FALSE,0,0,0,0,0
10054,53634,26830,FALSE,FALSE,FALSE,FALSE,FALSE,FALSE,None,None,TRUE,FALSE,None,FALSE,0,0,0,0,0
10055,53634,29030,FALSE,FALSE,FALSE,FALSE,FALSE,FALSE,None,None,TRUE,FALSE,None,FALSE,0,0,0,0,0
10057,53634,29716,FALSE,FALSE,FALSE,FALSE,FALSE,FALSE,None,None,TRUE,FALSE,None,FALSE,0,0,0,0,0
10060,40016,21057,FALSE,FALSE,FALSE,FALSE,FALSE,FALSE,None,None,TRUE,FALSE,None,FALSE,0,0,0,0,0
10061,40016,22133,FALSE,FALSE,FALSE,FALSE,FALSE,FALSE,None,None,TRUE,FALSE,None,FALSE,0,0,0,0,0
10256,40016,22333,FALSE,FALSE,FALSE,FALSE,FALSE,FALSE,None,None,TRUE,FALSE,None,FALSE,0,0,0,0,0
10062,40016,23884,FALSE,FALSE,FALSE,FALSE,FALSE,FALSE,None,None,TRUE,FALSE,None,FALSE,0,0,0,0,0
10063,40016,24343,FALSE,FALSE,FALSE,FALSE,FALSE,FALSE,None,None,TRUE,FALSE,None,FALSE,0,0,0,0,0
10064,40016,24907,FALSE,FALSE,FALSE,FALSE,FALSE,FALSE,None,None,TRUE,FALSE,None,FALSE,0,0,0,0,0
10065,40016,25392,FALSE,FALSE,FALSE,FALSE,FALSE,FALSE,None,None,TRUE,FALSE,None,FALSE,0,0,0,0,0
10066,40016,26520,FALSE,FALSE,FALSE,FALSE,FALSE,FALSE,None,None,TRUE,FALSE,None,FALSE,0,0,0,0,0
10067,40016,26868,FALSE,FALSE,FALSE,FALSE,FALSE,FALSE,None,None,TRUE,FALSE,None,FALSE,0,0,0,0,0
10068,40016,27833,FALSE,FALSE,FALSE,FALSE,FALSE,FALSE,None,None,TRUE,FALSE,None,FALSE,0,0,0,0,0
10069,40016,28293,FALSE,FALSE,FALSE,FALSE,FALSE,FALSE,None,None,TRUE,FALSE,None,FALSE,0,0,0,0,0
10070,40016,28763,FALSE,FALSE,FALSE,FALSE,FALSE,FALSE,None,None,TRUE,FALSE,None,FALSE,0,0,0,0,0
10071,40016,29268,FALSE,FALSE,FALSE,FALSE,FALSE,FALSE,None,None,TRUE,FALSE,None,FALSE,0,0,0,0,0
10072,40016,31739,FALSE,FALSE,FALSE,FALSE,FALSE,FALSE,None,None,TRUE,FALSE,None,FALSE,0,0,0,0,0
10073,40016,32069,FALSE,FALSE,FALSE,FALSE,FALSE,FALSE,None,None,TRUE,FALSE,None,FALSE,0,0,0,0,0
10074,40016,34358,FALSE,FALSE,FALSE,FALSE,FALSE,FALSE,None,None,TRUE,FALSE,None,FALSE,0,0,0,0,0
10075,40016,34891,FALSE,FALSE,FALSE,FALSE,FALSE,FALSE,None,None,TRUE,FALSE,None,FALSE,0,0,0,0,0
10076,40016,37080,FALSE,FALSE,FALSE,FALSE,FALSE,FALSE,None,None,TRUE,FALSE,None,FALSE,0,0,0,0,0
10077,40016,37404,FALSE,FALSE,FALSE,FALSE,FALSE,FALSE,None,None,TRUE,FALSE,None,FALSE,0,0,0,0,0
10079,40016,38619,FALSE,FALSE,FALSE,FALSE,FALSE,FALSE,None,None,TRUE,FALSE,None,FALSE,0,0,0,0,0
10081,40016,39873,FALSE,FALSE,FALSE,FALSE,FALSE,FALSE,None,None,TRUE,FALSE,None,FALSE,0,0,0,0,0
10082,40016,40190,FALSE,FALSE,FALSE,FALSE,FALSE,FALSE,None,None,TRUE,FALSE,None,FALSE,0,0,0,0,0
10083,40016,42524,FALSE,FALSE,FALSE,FALSE,FALSE,FALSE,None,None,TRUE,FALSE,None,FALSE,0,0,0,0,0
10084,40016,42815,FALSE,FALSE,FALSE,FALSE,FALSE,FALSE,None,None,TRUE,FALSE,None,FALSE,0,0,0,0,0
10085,40016,45124,FALSE,FALSE,FALSE,FALSE,FALSE,FALSE,None,None,TRUE,FALSE,None,FALSE,0,0,0,0,0
10086,40016,45447,FALSE,FALSE,FALSE,FALSE,FALSE,FALSE,None,None,TRUE,FALSE,None,FALSE,0,0,0,0,0
10087,40016,47447,FALSE,FALSE,FALSE,FALSE,FALSE,FALSE,None,None,TRUE,FALSE,None,FALSE,0,0,0,0,0
10088,40016,47747,FALSE,FALSE,FALSE,FALSE,FALSE,FALSE,None,None,TRUE,FALSE,None,FALSE,0,0,0,0,0
10089,40016,50530,FALSE,FALSE,FALSE,FALSE,FALSE,FALSE,None,None,TRUE,FALSE,None,FALSE,0,0,0,0,0
10090,40016,50844,FALSE,FALSE,FALSE,FALSE,FALSE,FALSE,None,None,TRUE,FALSE,None,FALSE,0,0,0,0,0
10091,40016,52351,FALSE,FALSE,FALSE,FALSE,FALSE,FALSE,None,None,TRUE,FALSE,None,FALSE,0,0,0,0,0
10269,39516,52351,FALSE,FALSE,FALSE,FALSE,FALSE,FALSE,None,None,TRUE,FALSE,None,FALSE,0,0,0,0,0
10092,35600,52351,FALSE,FALSE,FALSE,FALSE,FALSE,FALSE,None,None,TRUE,FALSE,None,FALSE,0,0,0,0,0
10252,35600,51800,FALSE,FALSE,FALSE,FALSE,FALSE,FALSE,None,None,TRUE,FALSE,None,FALSE,0,0,0,0,0
10093,35600,46720,FALSE,FALSE,FALSE,FALSE,FALSE,FALSE,None,None,TRUE,FALSE,None,FALSE,0,0,0,0,0
10094,35600,42736,FALSE,FALSE,FALSE,FALSE,FALSE,FALSE,None,None,TRUE,FALSE,None,FALSE,0,0,0,0,0
10095,35600,39556,FALSE,FALSE,FALSE,FALSE,FALSE,FALSE,None,None,TRUE,FALSE,None,FALSE,0,0,0,0,0
10096,38016,36556,FALSE,FALSE,FALSE,FALSE,FALSE,FALSE,None,None,TRUE,FALSE,None,FALSE,0,0,0,0,0
10097,39016,39556,FALSE,FALSE,FALSE,FALSE,FALSE,FALSE,None,None,TRUE,FALSE,None,FALSE,0,0,0,0,0
10270,35600,36556,FALSE,FALSE,FALSE,FALSE,FALSE,FALSE,None,None,TRUE,FALSE,None,FALSE,0,0,0,0,0
10098,35600,33270,FALSE,FALSE,FALSE,FALSE,FALSE,FALSE,None,None,TRUE,FALSE,None,FALSE,0,0,0,0,0
10099,35600,30579,FALSE,FALSE,FALSE,FALSE,FALSE,FALSE,None,None,TRUE,FALSE,None,FALSE,0,0,0,0,0
10100,35600,28026,FALSE,FALSE,FALSE,FALSE,FALSE,FALSE,None,None,TRUE,FALSE,None,FALSE,0,0,0,0,0
10101,35600,25495,FALSE,FALSE,FALSE,FALSE,FALSE,FALSE,None,None,TRUE,FALSE,None,FALSE,0,0,0,0,0
10254,35600,22699,FALSE,FALSE,FALSE,FALSE,FALSE,FALSE,None,None,TRUE,FALSE,None,FALSE,0,0,0,0,0
10102,35600,22133,FALSE,FALSE,FALSE,FALSE,FALSE,FALSE,None,None,TRUE,FALSE,None,FALSE,0,0,0,0,0
10257,36000,22133,FALSE,FALSE,FALSE,FALSE,FALSE,FALSE,None,None,TRUE,FALSE,None,FALSE,0,0,0,0,0
10258,35600,21933,FALSE,FALSE,FALSE,FALSE,FALSE,FALSE,None,None,TRUE,FALSE,None,FALSE,0,0,0,0,0
10103,35600,21057,FALSE,FALSE,FALSE,FALSE,FALSE,FALSE,None,None,TRUE,FALSE,None,FALSE,0,0,0,0,0
10104,34200,21057,FALSE,FALSE,FALSE,FALSE,FALSE,FALSE,None,None,TRUE,FALSE,None,FALSE,0,0,0,0,0
10105,34200,22699,FALSE,FALSE,FALSE,FALSE,FALSE,FALSE,None,None,TRUE,FALSE,None,FALSE,0,0,0,0,0
10106,34200,25495,FALSE,FALSE,FALSE,FALSE,FALSE,FALSE,None,None,TRUE,FALSE,None,FALSE,0,0,0,0,0
10107,34200,25803,FALSE,FALSE,FALSE,FALSE,FALSE,FALSE,None,None,TRUE,FALSE,None,FALSE,0,0,0,0,0
10108,34200,28026,FALSE,FALSE,FALSE,FALSE,FALSE,FALSE,None,None,TRUE,FALSE,None,FALSE,0,0,0,0,0
10109,34200,28304,FALSE,FALSE,FALSE,FALSE,FALSE,FALSE,None,None,TRUE,FALSE,None,FALSE,0,0,0,0,0
10110,34200,30579,FALSE,FALSE,FALSE,FALSE,FALSE,FALSE,None,None,TRUE,FALSE,None,FALSE,0,0,0,0,0
10111,34200,31081,FALSE,FALSE,FALSE,FALSE,FALSE,FALSE,None,None,TRUE,FALSE,None,FALSE,0,0,0,0,0
10112,34200,32805,FALSE,FALSE,FALSE,FALSE,FALSE,FALSE,None,None,TRUE,FALSE,None,FALSE,0,0,0,0,0
10113,34200,33270,FALSE,FALSE,FALSE,FALSE,FALSE,FALSE,None,None,TRUE,FALSE,None,FALSE,0,0,0,0,0
10114,34200,35102,FALSE,FALSE,FALSE,FALSE,FALSE,FALSE,None,None,TRUE,FALSE,None,FALSE,0,0,0,0,0
10115,34200,35556,FALSE,FALSE,FALSE,FALSE,FALSE,FALSE,None,None,TRUE,FALSE,None,FALSE,0,0,0,0,0
10116,34200,36556,FALSE,FALSE,FALSE,FALSE,FALSE,FALSE,None,None,TRUE,FALSE,None,FALSE,0,0,0,0,0
10117,34200,37556,FALSE,FALSE,FALSE,FALSE,FALSE,FALSE,None,None,TRUE,FALSE,None,FALSE,0,0,0,0,0
10118,34200,38556,FALSE,FALSE,FALSE,FALSE,FALSE,FALSE,None,None,TRUE,FALSE,None,FALSE,0,0,0,0,0
10119,34200,39556,FALSE,FALSE,FALSE,FALSE,FALSE,FALSE,None,None,TRUE,FALSE,None,FALSE,0,0,0,0,0
10120,34200,40556,FALSE,FALSE,FALSE,FALSE,FALSE,FALSE,None,None,TRUE,FALSE,None,FALSE,0,0,0,0,0
10121,34200,42736,FALSE,FALSE,FALSE,FALSE,FALSE,FALSE,None,None,TRUE,FALSE,None,FALSE,0,0,0,0,0
10122,34200,43789,FALSE,FALSE,FALSE,FALSE,FALSE,FALSE,None,None,TRUE,FALSE,None,FALSE,0,0,0,0,0
10123,34200,45702,FALSE,FALSE,FALSE,FALSE,FALSE,FALSE,None,None,TRUE,FALSE,None,FALSE,0,0,0,0,0
10124,34200,46720,FALSE,FALSE,FALSE,FALSE,FALSE,FALSE,None,None,TRUE,FALSE,None,FALSE,0,0,0,0,0
10125,35307,46720,FALSE,FALSE,FALSE,FALSE,FALSE,FALSE,None,None,TRUE,FALSE,None,FALSE,0,0,0,0,0
10126,35307,52351,FALSE,FALSE,FALSE,FALSE,FALSE,FALSE,None,None,TRUE,FALSE,None,FALSE,0,0,0,0,0
10253,35307,51800,FALSE,FALSE,FALSE,FALSE,FALSE,FALSE,None,None,TRUE,FALSE,None,FALSE,0,0,0,0,0
90072,40266,31739,FALSE,FALSE,FALSE,FALSE,FALSE,FALSE,None,None,TRUE,FALSE,None,FALSE,0,0,0,0,0
90073,40266,32069,FALSE,FALSE,FALSE,FALSE,FALSE,FALSE,None,None,TRUE,FALSE,None,FALSE,0,0,0,0,0
90074,40266,34358,FALSE,FALSE,FALSE,FALSE,FALSE,FALSE,None,None,TRUE,FALSE,None,FALSE,0,0,0,0,0
90075,40266,34891,FALSE,FALSE,FALSE,FALSE,FALSE,FALSE,None,None,TRUE,FALSE,None,FALSE,0,0,0,0,0
90076,40266,37080,FALSE,FALSE,FALSE,FALSE,FALSE,FALSE,None,None,TRUE,FALSE,None,FALSE,0,0,0,0,0
90077,40266,37404,FALSE,FALSE,FALSE,FALSE,FALSE,FALSE,None,None,TRUE,FALSE,None,FALSE,0,0,0,0,0
90082,40266,40190,FALSE,FALSE,FALSE,FALSE,FALSE,FALSE,None,None,TRUE,FALSE,None,FALSE,0,0,0,0,0
90083,40266,42524,FALSE,FALSE,FALSE,FALSE,FALSE,FALSE,None,None,TRUE,FALSE,None,FALSE,0,0,0,0,0
90084,40266,42815,FALSE,FALSE,FALSE,FALSE,FALSE,FALSE,None,None,TRUE,FALSE,None,FALSE,0,0,0,0,0
90085,40266,45124,FALSE,FALSE,FALSE,FALSE,FALSE,FALSE,None,None,TRUE,FALSE,None,FALSE,0,0,0,0,0
90086,40266,45447,FALSE,FALSE,FALSE,FALSE,FALSE,FALSE,None,None,TRUE,FALSE,None,FALSE,0,0,0,0,0
90087,40266,47447,FALSE,FALSE,FALSE,FALSE,FALSE,FALSE,None,None,TRUE,FALSE,None,FALSE,0,0,0,0,0
90088,40266,47747,FALSE,FALSE,FALSE,FALSE,FALSE,FALSE,None,None,TRUE,FALSE,None,FALSE,0,0,0,0,0
90089,40266,50530,FALSE,FALSE,FALSE,FALSE,FALSE,FALSE,None,None,TRUE,FALSE,None,FALSE,0,0,0,0,0
90090,40266,50844,FALSE,FALSE,FALSE,FALSE,FALSE,FALSE,None,None,TRUE,FALSE,None,FALSE,0,0,0,0,0
10132,22007,23149,FALSE,FALSE,FALSE,FALSE,FALSE,FALSE,None,None,TRUE,FALSE,None,FALSE,0,0,0,0,0
10277,22007,22849,FALSE,FALSE,FALSE,FALSE,FALSE,FALSE,None,None,TRUE,FALSE,None,FALSE,0,0,0,0,0
10276,22007,22549,FALSE,FALSE,FALSE,FALSE,FALSE,FALSE,None,None,TRUE,FALSE,None,FALSE,0,0,0,0,0
10133,22007,21366,FALSE,FALSE,FALSE,FALSE,FALSE,FALSE,None,None,TRUE,FALSE,None,FALSE,0,0,0,0,0
10134,22007,18327,FALSE,FALSE,FALSE,FALSE,FALSE,FALSE,None,None,TRUE,FALSE,None,FALSE,0,0,0,0,0
10135,22007,18027,FALSE,FALSE,FALSE,FALSE,FALSE,FALSE,None,None,TRUE,FALSE,None,FALSE,0,0,0,0,0
10136,22007,17427,FALSE,FALSE,FALSE,FALSE,FALSE,FALSE,None,None,TRUE,FALSE,None,FALSE,0,0,0,0,0
10137,22007,15527,FALSE,FALSE,FALSE,FALSE,FALSE,FALSE,None,None,TRUE,FALSE,None,FALSE,0,0,0,0,0
10138,22007,15238,FALSE,FALSE,FALSE,FALSE,FALSE,FALSE,None,None,TRUE,FALSE,None,FALSE,0,0,0,0,0
10139,22007,14628,FALSE,FALSE,FALSE,FALSE,FALSE,FALSE,None,None,TRUE,FALSE,None,FALSE,0,0,0,0,0
10140,22007,12679,FALSE,FALSE,FALSE,FALSE,FALSE,FALSE,None,None,TRUE,FALSE,None,FALSE,0,0,0,0,0
10141,22007,12207,FALSE,FALSE,FALSE,FALSE,FALSE,FALSE,None,None,TRUE,FALSE,None,FALSE,0,0,0,0,0
10142,22007,11816,FALSE,FALSE,FALSE,FALSE,FALSE,FALSE,None,None,TRUE,FALSE,None,FALSE,0,0,0,0,0
10143,22007,9937,FALSE,FALSE,FALSE,FALSE,FALSE,FALSE,None,None,TRUE,FALSE,None,FALSE,0,0,0,0,0
10144,22007,9503,FALSE,FALSE,FALSE,FALSE,FALSE,FALSE,None,None,TRUE,FALSE,None,FALSE,0,0,0,0,0
10145,22007,9019,FALSE,FALSE,FALSE,FALSE,FALSE,FALSE,None,None,TRUE,FALSE,None,FALSE,0,0,0,0,0
10146,22007,8809,FALSE,FALSE,FALSE,FALSE,FALSE,FALSE,None,None,TRUE,FALSE,None,FALSE,0,0,0,0,0
10147,22007,6855,FALSE,FALSE,FALSE,FALSE,FALSE,FALSE,None,None,TRUE,FALSE,None,FALSE,0,0,0,0,0
10148,22007,6439,FALSE,FALSE,FALSE,FALSE,FALSE,FALSE,None,None,TRUE,FALSE,None,FALSE,0,0,0,0,0
10149,22007,5985,FALSE,FALSE,FALSE,FALSE,FALSE,FALSE,None,None,TRUE,FALSE,None,FALSE,0,0,0,0,0
10151,21451,6027,FALSE,FALSE,FALSE,FALSE,FALSE,FALSE,None,None,TRUE,FALSE,None,FALSE,0,0,0,0,0
10152,21451,8809,FALSE,FALSE,FALSE,FALSE,FALSE,FALSE,None,None,TRUE,FALSE,None,FALSE,0,0,0,0,0
10154,21451,11849,FALSE,FALSE,FALSE,FALSE,FALSE,FALSE,None,None,TRUE,FALSE,None,FALSE,0,0,0,0,0
10155,21451,15527,FALSE,FALSE,FALSE,FALSE,FALSE,FALSE,None,None,TRUE,FALSE,None,FALSE,0,0,0,0,0
10156,21451,18327,FALSE,FALSE,FALSE,FALSE,FALSE,FALSE,None,None,TRUE,FALSE,None,FALSE,0,0,0,0,0
10260,22007,21166,FALSE,FALSE,FALSE,FALSE,FALSE,FALSE,None,None,TRUE,FALSE,None,FALSE,0,0,0,0,0
10261,21451,21166,FALSE,FALSE,FALSE,FALSE,FALSE,FALSE,None,None,TRUE,FALSE,None,FALSE,0,0,0,0,0
10157,21451,21366,FALSE,FALSE,FALSE,FALSE,FALSE,FALSE,None,None,TRUE,FALSE,None,FALSE,0,0,0,0,0
10158,21451,23149,FALSE,FALSE,FALSE,FALSE,FALSE,FALSE,None,None,TRUE,FALSE,None,FALSE,0,0,0,0,0
10159,20455,23149,FALSE,FALSE,FALSE,FALSE,FALSE,FALSE,None,None,TRUE,FALSE,None,FALSE,0,0,0,0,0
10281,20455,21366,FALSE,FALSE,FALSE,FALSE,FALSE,FALSE,None,None,TRUE,FALSE,None,FALSE,0,0,0,0,0
10262,15505,21366,FALSE,FALSE,FALSE,FALSE,FALSE,FALSE,None,None,TRUE,FALSE,None,FALSE,0,0,0,0,0
10263,15505,23149,FALSE,FALSE,FALSE,FALSE,FALSE,FALSE,None,None,TRUE,FALSE,None,FALSE,0,0,0,0,0
10160,15105,23149,FALSE,FALSE,FALSE,FALSE,FALSE,FALSE,None,None,TRUE,FALSE,None,FALSE,0,0,0,0,0
10161,15105,21366,FALSE,FALSE,FALSE,FALSE,FALSE,FALSE,None,None,TRUE,FALSE,None,FALSE,0,0,0,0,0
10162,15105,19440,FALSE,FALSE,FALSE,FALSE,FALSE,FALSE,None,None,TRUE,FALSE,None,FALSE,0,0,0,0,0
10163,15105,17423,FALSE,FALSE,FALSE,FALSE,FALSE,FALSE,None,None,TRUE,FALSE,None,FALSE,0,0,0,0,0
10164,14167,17423,FALSE,FALSE,FALSE,FALSE,FALSE,FALSE,None,None,TRUE,FALSE,None,FALSE,0,0,0,0,0
10165,14167,14161,FALSE,FALSE,FALSE,FALSE,FALSE,FALSE,None,None,TRUE,FALSE,None,FALSE,0,0,0,0,0
10166,14167,13668,FALSE,FALSE,FALSE,FALSE,FALSE,FALSE,None,None,TRUE,FALSE,None,FALSE,0,0,0,0,0
10167,14167,11673,FALSE,FALSE,FALSE,FALSE,FALSE,FALSE,None,None,TRUE,FALSE,None,FALSE,0,0,0,0,0
10168,14167,10977,FALSE,FALSE,FALSE,FALSE,FALSE,FALSE,None,None,TRUE,FALSE,None,FALSE,0,0,0,0,0
10179,14167,9598,FALSE,FALSE,FALSE,FALSE,FALSE,FALSE,None,None,TRUE,FALSE,None,FALSE,0,0,0,0,0
10169,14167,8861,FALSE,FALSE,FALSE,FALSE,FALSE,FALSE,None,None,TRUE,FALSE,None,FALSE,0,0,0,0,0
10170,14167,8361,FALSE,FALSE,FALSE,FALSE,FALSE,FALSE,None,None,TRUE,FALSE,None,FALSE,0,0,0,0,0
10171,14167,7861,FALSE,FALSE,FALSE,FALSE,FALSE,FALSE,None,None,TRUE,FALSE,None,FALSE,0,0,0,0,0
10172,14167,6264,FALSE,FALSE,FALSE,FALSE,FALSE,FALSE,None,None,TRUE,FALSE,None,FALSE,0,0,0,0,0
10173,14167,5745,FALSE,FALSE,FALSE,FALSE,FALSE,FALSE,None,None,TRUE,FALSE,None,FALSE,0,0,0,0,0
10174,13532,5745,FALSE,FALSE,FALSE,FALSE,FALSE,FALSE,None,None,TRUE,FALSE,None,FALSE,0,0,0,0,0
10175,13532,6842,FALSE,FALSE,FALSE,FALSE,FALSE,FALSE,None,None,TRUE,FALSE,None,FALSE,0,0,0,0,0
10176,13532,7377,FALSE,FALSE,FALSE,FALSE,FALSE,FALSE,None,None,TRUE,FALSE,None,FALSE,0,0,0,0,0
10177,13532,7861,FALSE,FALSE,FALSE,FALSE,FALSE,FALSE,None,None,TRUE,FALSE,None,FALSE,0,0,0,0,0
10181,13532,10977,FALSE,FALSE,FALSE,FALSE,FALSE,FALSE,None,None,TRUE,FALSE,None,FALSE,0,0,0,0,0
10182,13532,11638,FALSE,FALSE,FALSE,FALSE,FALSE,FALSE,None,None,TRUE,FALSE,None,FALSE,0,0,0,0,0
10183,13532,12147,FALSE,FALSE,FALSE,FALSE,FALSE,FALSE,None,None,TRUE,FALSE,None,FALSE,0,0,0,0,0
10184,13532,12612,FALSE,FALSE,FALSE,FALSE,FALSE,FALSE,None,None,TRUE,FALSE,None,FALSE,0,0,0,0,0
10185,13532,14161,FALSE,FALSE,FALSE,FALSE,FALSE,FALSE,None,None,TRUE,FALSE,None,FALSE,0,0,0,0,0
10186,13532,16408,FALSE,FALSE,FALSE,FALSE,FALSE,FALSE,None,None,TRUE,FALSE,None,FALSE,0,0,0,0,0
10187,13532,16879,FALSE,FALSE,FALSE,FALSE,FALSE,FALSE,None,None,TRUE,FALSE,None,FALSE,0,0,0,0,0
10188,13532,17423,FALSE,FALSE,FALSE,FALSE,FALSE,FALSE,None,None,TRUE,FALSE,None,FALSE,0,0,0,0,0
10190,14167,19052,FALSE,FALSE,FALSE,FALSE,FALSE,FALSE,None,None,TRUE,FALSE,None,FALSE,0,0,0,0,0
10191,14167,19440,FALSE,FALSE,FALSE,FALSE,FALSE,FALSE,None,None,TRUE,FALSE,None,FALSE,0,0,0,0,0
10194,14167,21366,FALSE,FALSE,FALSE,FALSE,FALSE,FALSE,None,None,TRUE,FALSE,None,FALSE,0,0,0,0,0
10195,14167,21936,FALSE,FALSE,FALSE,FALSE,FALSE,FALSE,None,None,TRUE,FALSE,None,FALSE,0,0,0,0,0
10197,14167,23149,FALSE,FALSE,FALSE,FALSE,FALSE,FALSE,None,None,TRUE,FALSE,None,FALSE,0,0,0,0,0
10198,14167,24106,FALSE,FALSE,FALSE,FALSE,FALSE,FALSE,None,None,TRUE,FALSE,None,FALSE,0,0,0,0,0
10199,14167,24644,FALSE,FALSE,FALSE,FALSE,FALSE,FALSE,None,None,TRUE,FALSE,None,FALSE,0,0,0,0,0
90190,13917,19052,FALSE,FALSE,FALSE,FALSE,FALSE,FALSE,None,None,TRUE,FALSE,None,FALSE,0,0,0,0,0
90191,13917,19440,FALSE,FALSE,FALSE,FALSE,FALSE,FALSE,None,None,TRUE,FALSE,None,FALSE,0,0,0,0,0
90194,13600,21366,FALSE,FALSE,FALSE,FALSE,FALSE,FALSE,None,None,TRUE,FALSE,None,FALSE,0,0,0,0,0
90195,13600,21936,FALSE,FALSE,FALSE,FALSE,FALSE,FALSE,None,None,TRUE,FALSE,None,FALSE,0,0,0,0,0
90198,13480,24106,FALSE,FALSE,FALSE,FALSE,FALSE,FALSE,None,None,TRUE,FALSE,None,FALSE,0,0,0,0,0
90199,13479,24644,FALSE,FALSE,FALSE,FALSE,FALSE,FALSE,None,None,TRUE,FALSE,None,FALSE,0,0,0,0,0
10275,22007,22000,FALSE,FALSE,FALSE,FALSE,FALSE,FALSE,None,None,TRUE,FALSE,None,FALSE,0,0,0,0,0
10201,14167,26000,FALSE,FALSE,FALSE,FALSE,FALSE,FALSE,None,None,TRUE,FALSE,None,FALSE,0,0,0,0,0
10202,15105,26000,FALSE,FALSE,FALSE,FALSE,FALSE,FALSE,None,None,TRUE,FALSE,None,FALSE,0,0,0,0,0
10203,15105,26705,FALSE,FALSE,FALSE,FALSE,FALSE,FALSE,None,None,TRUE,FALSE,None,FALSE,0,0,0,0,0
10204,15105,28040,FALSE,FALSE,FALSE,FALSE,FALSE,FALSE,None,None,TRUE,FALSE,None,FALSE,0,0,0,0,0
10205,15105,31080,FALSE,FALSE,FALSE,FALSE,FALSE,FALSE,None,None,TRUE,FALSE,None,FALSE,0,0,0,0,0
10206,15105,32728,FALSE,FALSE,FALSE,FALSE,FALSE,FALSE,None,None,TRUE,FALSE,None,FALSE,0,0,0,0,0
10207,15105,37060,FALSE,FALSE,FALSE,FALSE,FALSE,FALSE,None,None,TRUE,FALSE,None,FALSE,0,0,0,0,0
10208,15105,38392,FALSE,FALSE,FALSE,FALSE,FALSE,FALSE,None,None,TRUE,FALSE,None,FALSE,0,0,0,0,0
10209,15105,41532,FALSE,FALSE,FALSE,FALSE,FALSE,FALSE,None,None,TRUE,FALSE,None,FALSE,0,0,0,0,0
10210,15105,43823,FALSE,FALSE,FALSE,FALSE,FALSE,FALSE,None,None,TRUE,FALSE,None,FALSE,0,0,0,0,0
10265,15305,43823,FALSE,FALSE,FALSE,FALSE,FALSE,FALSE,None,None,TRUE,FALSE,None,FALSE,0,0,0,0,0
10211,17073,43823,FALSE,FALSE,FALSE,FALSE,FALSE,FALSE,None,None,TRUE,FALSE,None,FALSE,0,0,0,0,0
10212,17617,43823,FALSE,FALSE,FALSE,FALSE,FALSE,FALSE,None,None,TRUE,FALSE,None,FALSE,0,0,0,0,0
10213,25584,43823,FALSE,FALSE,FALSE,FALSE,FALSE,FALSE,None,None,TRUE,FALSE,None,FALSE,0,0,0,0,0
10214,26035,43823,FALSE,FALSE,FALSE,FALSE,FALSE,FALSE,None,None,TRUE,FALSE,None,FALSE,0,0,0,0,0
10215,26971,43823,FALSE,FALSE,FALSE,FALSE,FALSE,FALSE,None,None,TRUE,FALSE,None,FALSE,0,0,0,0,0
10216,26971,47516,FALSE,FALSE,FALSE,FALSE,FALSE,FALSE,None,None,TRUE,FALSE,None,FALSE,0,0,0,0,0
10217,26015,47516,FALSE,FALSE,FALSE,FALSE,FALSE,FALSE,None,None,TRUE,FALSE,None,FALSE,0,0,0,0,0
10218,25523,47516,FALSE,FALSE,FALSE,FALSE,FALSE,FALSE,None,None,TRUE,FALSE,None,FALSE,0,0,0,0,0
10219,17594,47516,FALSE,FALSE,FALSE,FALSE,FALSE,FALSE,None,None,TRUE,FALSE,None,FALSE,0,0,0,0,0
10220,17097,47516,FALSE,FALSE,FALSE,FALSE,FALSE,FALSE,None,None,TRUE,FALSE,None,FALSE,0,0,0,0,0
10266,15305,47516,FALSE,FALSE,FALSE,FALSE,FALSE,FALSE,None,None,TRUE,FALSE,None,FALSE,0,0,0,0,0
10221,15105,47516,FALSE,FALSE,FALSE,FALSE,FALSE,FALSE,None,None,TRUE,FALSE,None,FALSE,0,0,0,0,0
10222,15105,48265,FALSE,FALSE,FALSE,FALSE,FALSE,FALSE,None,None,TRUE,FALSE,None,FALSE,0,0,0,0,0
10267,15105,52067,FALSE,FALSE,FALSE,FALSE,FALSE,FALSE,None,None,TRUE,FALSE,None,FALSE,0,0,0,0,0
10223,15105,52267,FALSE,FALSE,FALSE,FALSE,FALSE,FALSE,None,None,TRUE,FALSE,None,FALSE,0,0,0,0,0
10224,14167,52267,FALSE,FALSE,FALSE,FALSE,FALSE,FALSE,None,None,TRUE,FALSE,None,FALSE,0,0,0,0,0
10268,14167,52067,FALSE,FALSE,FALSE,FALSE,FALSE,FALSE,None,None,TRUE,FALSE,None,FALSE,0,0,0,0,0
10225,14167,51404,FALSE,FALSE,FALSE,FALSE,FALSE,FALSE,None,None,TRUE,FALSE,None,FALSE,0,0,0,0,0
10226,14167,50892,FALSE,FALSE,FALSE,FALSE,FALSE,FALSE,None,None,TRUE,FALSE,None,FALSE,0,0,0,0,0
10227,14167,50398,FALSE,FALSE,FALSE,FALSE,FALSE,FALSE,None,None,TRUE,FALSE,None,FALSE,0,0,0,0,0
10228,14167,48265,FALSE,FALSE,FALSE,FALSE,FALSE,FALSE,None,None,TRUE,FALSE,None,FALSE,0,0,0,0,0
90228,13967,48265,FALSE,FALSE,FALSE,FALSE,FALSE,FALSE,None,None,TRUE,FALSE,None,FALSE,0,0,0,0,0
10229,14167,47856,FALSE,FALSE,FALSE,FALSE,FALSE,FALSE,None,None,TRUE,FALSE,None,FALSE,0,0,0,0,0
90229,13967,47856,FALSE,FALSE,FALSE,FALSE,FALSE,FALSE,None,None,TRUE,FALSE,None,FALSE,0,0,0,0,0
10232,14167,43823,FALSE,FALSE,FALSE,FALSE,FALSE,FALSE,None,None,TRUE,FALSE,None,FALSE,0,0,0,0,0
10233,14167,42500,FALSE,FALSE,FALSE,FALSE,FALSE,FALSE,None,None,TRUE,FALSE,None,FALSE,0,0,0,0,0
10234,14167,42026,FALSE,FALSE,FALSE,FALSE,FALSE,FALSE,None,None,TRUE,FALSE,None,FALSE,0,0,0,0,0
10235,14167,41532,FALSE,FALSE,FALSE,FALSE,FALSE,FALSE,None,None,TRUE,FALSE,None,FALSE,0,0,0,0,0
10236,14167,39060,FALSE,FALSE,FALSE,FALSE,FALSE,FALSE,None,None,TRUE,FALSE,None,FALSE,0,0,0,0,0
10237,14167,38481,FALSE,FALSE,FALSE,FALSE,FALSE,FALSE,None,None,TRUE,FALSE,None,FALSE,0,0,0,0,0
10238,14167,37986,FALSE,FALSE,FALSE,FALSE,FALSE,FALSE,None,None,TRUE,FALSE,None,FALSE,0,0,0,0,0
10239,14167,37060,FALSE,FALSE,FALSE,FALSE,FALSE,FALSE,None,None,TRUE,FALSE,None,FALSE,0,0,0,0,0
10240,14167,33028,FALSE,FALSE,FALSE,FALSE,FALSE,FALSE,None,None,TRUE,FALSE,None,FALSE,0,0,0,0,0
10271,14167,32728,FALSE,FALSE,FALSE,FALSE,FALSE,FALSE,None,None,TRUE,FALSE,None,FALSE,0,0,0,0,0
10241,14167,32128,FALSE,FALSE,FALSE,FALSE,FALSE,FALSE,None,None,TRUE,FALSE,None,FALSE,0,0,0,0,0
10242,14167,31528,FALSE,FALSE,FALSE,FALSE,FALSE,FALSE,None,None,TRUE,FALSE,None,FALSE,0,0,0,0,0
10243,14167,28040,FALSE,FALSE,FALSE,FALSE,FALSE,FALSE,None,None,TRUE,FALSE,None,FALSE,0,0,0,0,0
10200,53684,26830,FALSE,FALSE,FALSE,FALSE,FALSE,FALSE,None,None,TRUE,FALSE,None,FALSE,0,0,0,0,0
10244,53684,26830,FALSE,FALSE,FALSE,FALSE,FALSE,FALSE,None,None,TRUE,FALSE,None,FALSE,0,0,0,0,0
10264,53684,26830,FALSE,FALSE,FALSE,FALSE,FALSE,FALSE,None,None,TRUE,FALSE,None,FALSE,0,0,0,0,0